COLOR,SOL,SEQ_ID,FEATURE,LTST,INCIDENCE_ANGLE,EMISSION_ANGLE,SOLAR_ELEVATION,SOLAR_AZIMUTH,INSTRUMENT,L6,L0B,R0B,L5,L0G,R0G,L4,L0R,R0R,L3,L2,L1,R1,R2,R3,R4,R5,R6,L6_STD,L0B_STD,R0B_STD,L5_STD,L0G_STD,R0G_STD,L4_STD,L0R_STD,R0R_STD,L3_STD,L2_STD,L1_STD,R1_STD,R2_STD,R3_STD,R4_STD,R5_STD,R6_STD,L6_COUNT,L0B_COUNT,R0B_COUNT,L5_COUNT,L0G_COUNT,R0G_COUNT,L4_COUNT,L0R_COUNT,R0R_COUNT,L3_COUNT,L2_COUNT,L1_COUNT,R1_COUNT,R2_COUNT,R3_COUNT,R4_COUNT,R5_COUNT,R6_COUNT,AZIMUTH_ANGLE,FORMAT_VERSION,CALTARGET_ELEMENT,FILE_TIMESTAMP
black,72,ZCAM03012,caltarget,11:07:39,14.068892,58.241436,75.9311,62.1346,ZCAM,0.48313384,0.17882662,0.17477117,0.34009193,0.17882662,0.17477117,0.17555838,0.17882662,0.17477117,0.17252426,0.22059011,0.21657962,0.21342811,0.30451111,0.49358923,0.64543337,0.72053054,0.70818626,0.00094128395,0.0021103659,0.0014808391,0.0012598654,0.0021103659,0.0014808391,0.0016287468,0.0021103659,0.0014808391,0.0011347675,0.0012446395,0.00093192831,0.0010310209,0.0010273187,0.001198375,0.0014197769,0.0011859472,0.00095685182,73,73,72,73,73,72,73,73,72,73,73,73,72,72,72,72,72,72,76.46368,1.0 2021-09-20,BLUE_CHIP_CENTER,2023-02-16T20:36:20.060454
black,72,ZCAM03012,caltarget,11:07:39,14.068892,58.241436,75.9311,62.1346,ZCAM,0.18148875,0.18493908,0.18069234,0.34364865,0.18493908,0.18069234,0.18636578,0.18493908,0.18069234,0.18221691,0.23788731,0.23156226,0.22829241,0.32130612,0.49920373,0.63637154,0.7052427,0.6975908,0.0011574254,0.0017842292,0.0017476137,0.0016887825,0.0017842292,0.0017476137,0.0015643407,0.0017842292,0.0017476137,0.0013124846,0.0015630484,0.001093424,0.0011417935,0.0012421386,0.0013603654,0.001626118,0.0012995381,0.0014302258,72,72,72,72,72,72,72,72,72,72,72,72,72,72,72,72,72,72,76.46368,1.0 2021-09-20,GREEN_CHIP_CENTER,2023-02-16T20:36:20.060454
black,72,ZCAM03012,caltarget,11:07:39,14.068892,58.241436,75.9311,62.1346,ZCAM,0.1444639,0.79994357,0.79736972,0.64071584,0.79994357,0.79736972,0.80252502,0.79994357,0.79736972,0.83220689,0.86092246,0.86411531,0.86093444,0.87818297,0.88906188,0.89669541,0.90004787,0.89774474,0.001171434,0.0029273522,0.0027235095,0.0025448927,0.0029273522,0.0027235095,0.001922122,0.0029273522,0.0027235095,0.0024891084,0.0018418928,0.001566899,0.0012661047,0.0020563863,0.0020310996,0.0018953062,0.0016580844,0.0013973221,73,73,71,73,73,71,73,73,71,73,73,73,71,71,71,71,71,71,76.46368,1.0 2021-09-20,YELLOW_CHIP_CENTER,2023-02-16T20:36:20.060454
black,72,ZCAM03012,caltarget,11:07:39,14.068892,58.241436,75.9311,62.1346,ZCAM,0.13096698,0.53699429,0.53512547,0.12673488,0.53699429,0.53512547,0.29705794,0.53699429,0.53512547,0.75069879,0.84187994,0.83884267,0.8374945,0.83803569,0.84001849,0.8457351,0.84837361,0.8387447,0.001027504,0.0020519681,0.0018528542,0.0012095689,0.0020519681,0.0018528542,0.0014121144,0.0020519681,0.0018528542,0.0019303668,0.0016666445,0.0016804595,0.00149784,0.0016886118,0.0017173733,0.0016469695,0.001463142,0.0013844781,69,69,71,69,69,71,69,69,71,69,69,69,71,71,71,71,71,71,76.46368,1.0 2021-09-20,RED_CHIP_CENTER,2023-02-16T20:36:20.060454
black,72,ZCAM03012,caltarget,11:07:39,14.068892,58.241436,75.9311,62.1346,ZCAM,0.10307832,0.083816454,0.078967131,0.093419988,0.083816454,0.078967131,0.085184108,0.083816454,0.078967131,0.081041219,0.090164604,0.099484167,0.095286009,0.13784848,0.17775111,0.19921904,0.2175781,0.21749007,0.00062255794,0.0012366617,0.0011765486,0.00098766898,0.0012366617,0.0011765486,0.0013213353,0.0012366617,0.0011765486,0.0012862317,0.0010981573,0.00087185478,0.00098778336,0.00090140032,0.00084534127,0.00076222491,0.00081942377,0.00067955976,65,65,65,65,65,65,65,65,65,65,65,65,65,65,65,65,65,65,76.46368,1.0 2021-09-20,BLACK_CHIP_CENTER,2023-02-16T20:36:20.060454
black,72,ZCAM03012,caltarget,11:07:39,14.068892,58.241436,75.9311,62.1346,ZCAM,0.42743725,0.41967284,0.41603387,0.41953758,0.41967284,0.41603387,0.41939645,0.41967284,0.41603387,0.41973142,0.41148233,0.39992982,0.39611623,0.3735462,0.35889575,0.34955288,0.33630132,0.32763953,0.0015357641,0.0025711486,0.0020495046,0.0018069974,0.0025711486,0.0020495046,0.0015509932,0.0025711486,0.0020495046,0.0016260719,0.0015599459,0.0010683334,0.0010322469,0.0013491919,0.0011655977,0.00099157518,0.0010202112,0.00081127693,63,63,63,63,63,63,63,63,63,63,63,63,63,63,63,63,63,63,76.46368,1.0 2021-09-20,DARK_GRAY_CHIP_CENTER,2023-02-16T20:36:20.060454
black,72,ZCAM03012,caltarget,11:07:39,14.068892,58.241436,75.9311,62.1346,ZCAM,0.75293182,0.75212807,0.74871855,0.75858291,0.75212807,0.74871855,0.75461589,0.75212807,0.74871855,0.74756772,0.73698115,0.72494937,0.72201062,0.70512462,0.69360513,0.6847604,0.66864512,0.65760928,0.0018620225,0.0038438404,0.0035626346,0.0027595821,0.0038438404,0.0035626346,0.0030097552,0.0038438404,0.0035626346,0.0024032757,0.0024620962,0.0013249321,0.0016092123,0.0019752325,0.0016469601,0.0013443578,0.0014563485,0.0011532125,63,63,60,63,63,60,63,63,60,63,63,63,60,60,60,60,60,60,76.46368,1.0 2021-09-20,LIGHT_GRAY_CHIP_CENTER,2023-02-16T20:36:20.060454
black,72,ZCAM03012,caltarget,11:07:39,14.068892,58.241436,75.9311,62.1346,ZCAM,1.0010158,1.0201829,1.0230519,1.0131224,1.0201829,1.0230519,1.0188277,1.0201829,1.0230519,1.0212876,1.0199816,1.0181098,1.0211955,1.0255554,1.0246289,1.0234575,1.0223378,1.0218632,0.0019450254,0.0043831339,0.0039046859,0.0030682854,0.0043831339,0.0039046859,0.0027592522,0.0043831339,0.0039046859,0.0026177437,0.0027830679,0.0023584133,0.0026860463,0.0026933911,0.0025236165,0.0022527365,0.0020376454,0.0017718144,69,69,62,69,69,62,69,69,62,69,69,69,62,62,62,62,62,62,76.46368,1.0 2021-09-20,WHITE_CHIP_CENTER,2023-02-16T20:36:20.060454
black,72,ZCAM03012,caltarget,11:07:39,14.068892,58.241436,75.9311,62.1346,ZCAM,0.10307832,0.083816454,0.078967131,0.093419988,0.083816454,0.078967131,0.085184108,0.083816454,0.078967131,0.081041219,0.090164604,0.099484167,0.095286009,0.13784848,0.17775111,0.19921904,0.2175781,0.21749007,0.00091018546,0.0011954392,0.0011579019,0.0010299702,0.0011954392,0.0011579019,0.0010310418,0.0011954392,0.0011579019,0.00090547285,0.00084430181,0.00077727893,0.00072746235,0.00085654004,0.00084293731,0.0008808998,0.00091516141,0.00076769835,1248,1248,1353,1248,1248,1353,1248,1248,1353,1248,1248,1247,1353,1353,1353,1353,1353,1353,76.46368,1.0 2021-09-20,BLACK_RING,2023-02-16T20:36:20.060454
black,72,ZCAM03012,caltarget,11:07:39,14.068892,58.241436,75.9311,62.1346,ZCAM,0.42743725,0.41967284,0.41603387,0.41953758,0.41967284,0.41603387,0.41939645,0.41967284,0.41603387,0.41973142,0.41148233,0.39992982,0.39611623,0.3735462,0.35889575,0.34955288,0.33630132,0.32763953,0.0025246078,0.0026512741,0.0024256427,0.0023262671,0.0026512741,0.0024256427,0.001903069,0.0026512741,0.0024256427,0.0016442795,0.0013669039,0.0011880548,0.0012265812,0.001290058,0.0011479656,0.0010708974,0.0010271791,0.00084336586,3312,3312,3277,3312,3312,3277,3312,3312,3277,3312,3311,3312,3277,3275,3275,3275,3275,3275,76.46368,1.0 2021-09-20,DARK_GRAY_RING,2023-02-16T20:36:20.060454
black,72,ZCAM03012,caltarget,11:07:39,14.068892,58.241436,75.9311,62.1346,ZCAM,0.75293182,0.75212807,0.74871855,0.75858291,0.75212807,0.74871855,0.75461589,0.75212807,0.74871855,0.74756772,0.73698115,0.72494937,0.72201062,0.70512462,0.69360513,0.6847604,0.66864512,0.65760928,0.0035542326,0.0049682491,0.0041107073,0.0037234465,0.0049682491,0.0041107073,0.0043464381,0.0049682491,0.0041107073,0.0038466193,0.0033051643,0.0027546327,0.0023056958,0.0024073179,0.002129057,0.0019568884,0.001860968,0.0016076627,652,653,653,653,653,653,653,653,653,653,653,653,652,653,653,653,653,653,76.46368,1.0 2021-09-20,LIGHT_GRAY_RING,2023-02-16T20:36:20.060454
black,72,ZCAM03012,caltarget,11:07:39,14.068892,58.241436,75.9311,62.1346,ZCAM,1.0010158,1.0201829,1.0230519,1.0131224,1.0201829,1.0230519,1.0188277,1.0201829,1.0230519,1.0212876,1.0199816,1.0181098,1.0211955,1.0255554,1.0246289,1.0234575,1.0223378,1.0218632,0.0053747957,0.0058722564,0.0052653322,0.0057095668,0.0058722564,0.0052653322,0.005077191,0.0058722564,0.0052653322,0.0041356458,0.0034550646,0.0031807497,0.0027405085,0.0031625282,0.0028058375,0.0027752465,0.0027669556,0.0019973976,2524,2524,2501,2524,2524,2501,2524,2524,2501,2523,2524,2524,2501,2501,2501,2501,2501,2501,76.46368,1.0 2021-09-20,WHITE_RING,2023-02-16T20:36:20.060454
black,72,ZCAM03012,caltarget,11:07:39,14.068892,58.241436,75.9311,62.1346,ZCAM,0.10913303,0.089670809,0.089493574,0.099436247,0.089670809,0.089493574,0.091090111,0.089670809,0.089493574,0.086709752,0.095826955,0.10467088,0.10430759,0.14627234,0.18552328,0.20654553,0.22460128,0.22444176,0.00054001991,0.0010655758,0.0010171444,0.00075932539,0.0010655758,0.0010171444,0.0010418938,0.0010655758,0.0010171444,0.001047017,0.00088501348,0.00081811524,0.00073986126,0.00067077008,0.00061900832,0.0006027626,0.00058712048,0.00056383908,50,50,58,50,50,58,50,50,58,50,50,50,58,58,58,58,58,58,76.46368,1.0 2021-09-20,BLACK_RING_SHADOW,2023-02-16T20:36:20.060454
black,72,ZCAM03012,caltarget,11:07:39,14.068892,58.241436,75.9311,62.1346,ZCAM,-,-,-,-,-,-,-,-,-,-,-,-,-,-,-,-,-,-,-,-,-,-,-,-,-,-,-,-,-,-,-,-,-,-,-,-,0,0,0,0,0,0,0,0,0,0,0,0,0,0,0,0,0,0,76.46368,1.0 2021-09-20,DARK_GRAY_RING_SHADOW,2023-02-16T20:36:20.060454
black,72,ZCAM03012,caltarget,11:07:39,14.068892,58.241436,75.9311,62.1346,ZCAM,0.7549231,0.75343177,0.75454346,0.76099181,0.75343177,0.75454346,0.75626256,0.75343177,0.75454346,0.74836328,0.73747295,0.72540437,0.72659262,0.70953575,0.69791877,0.68899159,0.6727279,0.66155747,0.00080422754,0.0015774517,0.0016445328,0.0012070927,0.0015774517,0.0016445328,0.0013883746,0.0015774517,0.0016445328,0.0013805506,0.0012464374,0.0011562871,0.0011841509,0.0010488255,0.00098229558,0.00087146896,0.00079405471,0.000749256,152,152,156,152,152,156,152,152,156,152,152,152,156,156,156,156,156,156,76.46368,1.0 2021-09-20,LIGHT_GRAY_RING_SHADOW,2023-02-16T20:36:20.060454
black,72,ZCAM03012,caltarget,11:07:39,14.068892,58.241436,75.9311,62.1346,ZCAM,-,-,-,-,-,-,-,-,-,-,-,-,-,-,-,-,-,-,-,-,-,-,-,-,-,-,-,-,-,-,-,-,-,-,-,-,0,0,0,0,0,0,0,0,0,0,0,0,0,0,0,0,0,0,76.46368,1.0 2021-09-20,WHITE_RING_SHADOW,2023-02-16T20:36:20.060454
black,72,ZCAM03012,caltarget,11:07:39,14.068892,58.241436,75.9311,62.1346,ZCAM,1.0007888,1.019992,1.0230519,1.0129289,1.019992,1.0230519,1.0186381,1.019992,1.0230519,1.0210974,1.0198024,1.0179342,1.0211955,1.0255554,1.0246289,1.0234575,1.0223378,1.0218632,0.00064558476,0.0016003385,0.0017441359,0.0013124058,0.0016003385,0.0017441359,0.001700063,0.0016003385,0.0017441359,0.0015126615,0.0011922748,0.0010928313,0.0010855202,0.0010605167,0.0010142235,0.00098565455,0.00095086124,0.0007710382,883,883,916,883,883,916,883,883,916,883,883,883,916,916,916,916,916,916,76.46368,1.0 2021-09-20,BLACK_SECONDARY_HORIZONTAL,2023-02-16T20:36:20.060454
black,72,ZCAM03012,caltarget,11:07:39,14.068892,58.241436,75.9311,62.1346,ZCAM,0.13128696,0.53737716,0.53512547,0.12699866,0.53737716,0.53512547,0.2973675,0.53737716,0.53512547,0.75090059,0.84208983,0.83903164,0.8374945,0.83803569,0.84001849,0.8457351,0.84837361,0.8387447,0.0021768351,0.0028883837,0.0025549899,0.0023234318,0.0028883837,0.0025549899,0.0023916453,0.0028883837,0.0025549899,0.0020866034,0.0017452315,0.0014260368,0.0014295362,0.0015100456,0.0013287073,0.0012439241,0.001175763,0.00095544775,908,908,909,908,908,909,908,908,909,908,908,906,909,909,909,909,909,909,76.46368,1.0 2021-09-20,DARK_GRAY_SECONDARY_HORIZONTAL,2023-02-16T20:36:20.060454
black,72,ZCAM03012,caltarget,11:07:39,14.068892,58.241436,75.9311,62.1346,ZCAM,0.18183494,0.18529062,0.18069234,0.34413411,0.18529062,0.18069234,0.18669545,0.18529062,0.18069234,0.18257934,0.23825512,0.23185792,0.22829241,0.32130612,0.49920373,0.63637154,0.7052427,0.6975908,0.0048564748,0.0046537049,0.004208085,0.0043292365,0.0046537049,0.004208085,0.0036075162,0.0046537049,0.004208085,0.0027621891,0.0022416053,0.0019966708,0.0019722095,0.0023616293,0.0020470046,0.0019209789,0.0018717028,0.0015160824,883,883,882,883,883,882,883,883,882,883,883,883,884,884,884,884,884,884,76.46368,1.0 2021-09-20,LIGHT_GRAY_SECONDARY_HORIZONTAL,2023-02-16T20:36:20.060454
black,72,ZCAM03012,caltarget,11:07:39,14.068892,58.241436,75.9311,62.1346,ZCAM,0.48341502,0.17917802,0.17477117,0.34050258,0.17917802,0.17477117,0.17588474,0.17917802,0.17477117,0.17287408,0.22093407,0.21685378,0.21342811,0.30451111,0.49358923,0.64543337,0.72053054,0.70818626,0.011144069,0.0062713733,0.0061036234,0.0080651979,0.0062713733,0.0061036234,0.0057781015,0.0062713733,0.0061036234,0.0043051043,0.003805826,0.0033284945,0.0032978264,0.0034944599,0.0032753843,0.0029613383,0.0027914424,0.0022017886,909,909,916,909,909,916,909,909,916,909,909,909,916,916,916,916,916,916,76.46368,1.0 2021-09-20,WHITE_SECONDARY_HORIZONTAL,2023-02-16T20:36:20.060454
black,72,ZCAM03012,caltarget,11:07:39,14.068892,58.241436,75.9311,62.1346,ZCAM,0.75321007,0.75243358,0.74871855,0.75890195,0.75243358,0.74871855,0.75492783,0.75243358,0.74871855,0.74786674,0.73728383,0.72524949,0.72201062,0.70512462,0.69360513,0.6847604,0.66864512,0.65760928,0.00076841335,0.0023707676,0.0020899651,0.0011337407,0.0023707676,0.0020899651,0.0017414567,0.0023707676,0.0020899651,0.0026740691,0.0026781797,0.002326852,0.0020842474,0.0023546254,0.0022336555,0.0021060324,0.001963924,0.0018403769,882,882,902,881,882,902,882,882,902,882,882,881,901,900,900,900,900,901,76.46368,1.0 2021-09-20,RED_SECONDARY_HORIZONTAL,2023-02-16T20:36:20.060454
black,72,ZCAM03012,caltarget,11:07:39,14.068892,58.241436,75.9311,62.1346,ZCAM,0.42781938,0.4200099,0.41603387,0.41987381,0.4200099,0.41603387,0.41972946,0.4200099,0.41603387,0.42007401,0.41182648,0.40027459,0.39611623,0.3735462,0.35889575,0.34955288,0.33630132,0.32763953,0.0010829526,0.0019590209,0.0016787204,0.0019080584,0.0019590209,0.0016787204,0.0015560741,0.0019590209,0.0016787204,0.0012491509,0.0012777049,0.0010817974,0.00093035619,0.0012628645,0.0014224496,0.0016278529,0.001700826,0.0014079435,899,899,885,899,899,885,899,899,885,899,899,899,885,885,885,885,885,885,76.46368,1.0 2021-09-20,GREEN_SECONDARY_HORIZONTAL,2023-02-16T20:36:20.060454
black,72,ZCAM03012,caltarget,11:07:39,14.068892,58.241436,75.9311,62.1346,ZCAM,0.10351683,0.084211824,0.078967131,0.093834925,0.084211824,0.078967131,0.085583919,0.084211824,0.078967131,0.081421987,0.09054147,0.099829037,0.095286009,0.13784848,0.17775111,0.19921904,0.2175781,0.21749007,0.0026135447,0.0020915566,0.0019818391,0.0016876891,0.0020915566,0.0019818391,0.0012775781,0.0020915566,0.0019818391,0.0012053255,0.0011177321,0.00095843436,0.00097823462,0.0011084123,0.0012187951,0.0014626381,0.0015357745,0.0013547751,884,884,892,884,884,892,884,884,892,884,884,884,892,892,892,892,892,892,76.46368,1.0 2021-09-20,BLUE_SECONDARY_HORIZONTAL,2023-02-16T20:36:20.060454
black,72,ZCAM03012,caltarget,11:07:39,14.068892,58.241436,75.9311,62.1346,ZCAM,0.7832766,0.78911624,0.80707592,0.78590078,0.78911624,0.80707592,0.78814191,0.78911624,0.80707592,0.78965471,0.78807609,0.78704814,0.80279905,0.80657898,0.80543973,0.80372475,0.80122203,0.79848402,0.00027433666,0.00086615049,0.00063191466,0.00046920989,0.00086615049,0.00063191466,0.00060018633,0.00086615049,0.00063191466,0.00056451197,0.0004576281,0.00042165987,0.0003856851,0.0004207496,0.00039804973,0.000401835,0.00037508688,0.00035311487,1271,1271,1280,1271,1271,1280,1271,1271,1280,1271,1271,1271,1280,1280,1280,1280,1280,1280,76.46368,1.0 2021-09-20,BLACK_SECONDARY_VERTICAL,2023-02-16T20:36:20.060454
black,72,ZCAM03012,caltarget,11:07:39,14.068892,58.241436,75.9311,62.1346,ZCAM,0.10349468,0.38001988,0.39302641,0.09764839,0.38001988,0.39302641,0.21433521,0.38001988,0.39302641,0.51829063,0.58275179,0.58032027,0.59815684,0.59776341,0.59861899,0.60209705,0.60291451,0.59464151,0.0027047495,0.0038996104,0.0038535461,0.003673504,0.0038996104,0.0038535461,0.0043726237,0.0038996104,0.0038535461,0.003907214,0.003096049,0.0026782769,0.0025943665,0.0020918077,0.001823291,0.0016731104,0.001525541,0.0012727569,1269,1269,1283,1269,1269,1283,1269,1269,1283,1269,1269,1269,1283,1283,1283,1283,1283,1283,76.46368,1.0 2021-09-20,DARK_GRAY_SECONDARY_VERTICAL,2023-02-16T20:36:20.060454
black,72,ZCAM03012,caltarget,11:07:39,14.068892,58.241436,75.9311,62.1346,ZCAM,0.15617679,0.15018009,0.14848533,0.28089383,0.15018009,0.14848533,0.15114725,0.15018009,0.14848533,0.1477756,0.18971756,0.18196456,0.18066381,0.24775991,0.37906046,0.47924049,0.52630643,0.51632122,0.002667772,0.0031085961,0.0030264679,0.0031893613,0.0031085961,0.0030264679,0.0034439014,0.0031085961,0.0030264679,0.0028844326,0.0023222762,0.0020751423,0.002083137,0.0017148771,0.0015580721,0.0014601072,0.0013356347,0.0011680336,1268,1268,1317,1268,1268,1317,1268,1268,1317,1268,1268,1268,1317,1317,1317,1317,1317,1317,76.46368,1.0 2021-09-20,LIGHT_GRAY_SECONDARY_VERTICAL,2023-02-16T20:36:20.060454
black,72,ZCAM03012,caltarget,11:07:39,14.068892,58.241436,75.9311,62.1346,ZCAM,0.3379131,0.13536815,0.13250607,0.24955209,0.13536815,0.13250607,0.13262378,0.13536815,0.13250607,0.13047839,0.16253421,0.15631006,0.15377726,0.21160649,0.33585961,0.43447641,0.47965794,0.46708864,0.0027303425,0.0048120385,0.0050785429,0.0043064538,0.0048120385,0.0050785429,0.0053749415,0.0048120385,0.0050785429,0.0049165387,0.0040992266,0.003759182,0.0036064219,0.0031521587,0.002859047,0.0027199039,0.0025989896,0.0022503616,1230,1230,1314,1230,1230,1314,1230,1230,1314,1230,1230,1230,1314,1314,1314,1314,1314,1314,76.46368,1.0 2021-09-20,WHITE_SECONDARY_VERTICAL,2023-02-16T20:36:20.060454
black,72,ZCAM03012,caltarget,11:07:39,14.068892,58.241436,75.9311,62.1346,ZCAM,0.59352459,0.58451877,0.56042839,0.59374349,0.58451877,0.56042839,0.58711321,0.58451877,0.56042839,0.58032686,0.57241386,0.56130931,0.54160731,0.52694005,0.51726828,0.51037304,0.49839761,0.49062689,0.00030387783,0.0020711526,0.001819823,0.00052994968,0.0020711526,0.001819823,0.0010375623,0.0020711526,0.001819823,0.0029743702,0.0029949788,0.0028417218,0.002663981,0.0023204511,0.0020895937,0.0018896513,0.0017869659,0.0016211989,1266,1266,1295,1266,1266,1295,1266,1266,1295,1266,1266,1266,1295,1295,1295,1295,1295,1295,76.46368,1.0 2021-09-20,RED_SECONDARY_VERTICAL,2023-02-16T20:36:20.060454
black,72,ZCAM03012,caltarget,11:07:39,14.068892,58.241436,75.9311,62.1346,ZCAM,0.3306229,0.318643,0.31657578,0.32118926,0.318643,0.31657578,0.31890743,0.318643,0.31657578,0.3179116,0.31070719,0.30104382,0.29611472,0.2772423,0.26556446,0.25842473,0.24862532,0.24249696,0.0015026738,0.0020242319,0.0019171551,0.0031613675,0.0020242319,0.0019171551,0.0018975533,0.0020242319,0.0019171551,0.0014842911,0.0014326928,0.001290449,0.0012218915,0.0013215868,0.0019182195,0.0025002777,0.0027880257,0.0024964484,1230,1230,1302,1230,1230,1302,1230,1230,1302,1230,1230,1230,1302,1302,1302,1302,1302,1302,76.46368,1.0 2021-09-20,GREEN_SECONDARY_VERTICAL,2023-02-16T20:36:20.060454
black,72,ZCAM03012,caltarget,11:07:39,14.068892,58.241436,75.9311,62.1346,ZCAM,0.090423255,0.067895712,0.066591212,0.079199828,0.067895712,0.066591212,0.069668591,0.067895712,0.066591212,0.064700162,0.071373661,0.078589562,0.07742908,0.11135859,0.14307311,0.15988885,0.17384263,0.17280479,0.0011347163,0.0011688711,0.00077678871,0.00080971205,0.0011688711,0.00077678871,0.0006125381,0.0011688711,0.00077678871,0.00050426008,0.00050309407,0.00046143745,0.00040760052,0.00049539616,0.00072900711,0.0011934404,0.0014271526,0.0013142638,1247,1247,1279,1247,1247,1279,1247,1247,1279,1247,1246,1247,1279,1279,1279,1279,1279,1279,76.46368,1.0 2021-09-20,BLUE_SECONDARY_VERTICAL,2023-02-16T20:36:20.060454
black,72,ZCAM03012,caltarget,11:07:39,14.068892,58.241436,75.9311,62.1346,ZCAM,0.48313384,0.17882662,0.17477117,0.34009193,0.17882662,0.17477117,0.17555838,0.17882662,0.17477117,0.17252426,0.22059011,0.21657962,0.21342811,0.30451111,0.49358923,0.64543337,0.72053054,0.70818626,0.0023200279,0.0024190059,0.0023508405,0.0026890436,0.0024190059,0.0023508405,0.0025259093,0.0024190059,0.0023508405,0.0023838246,0.0019634784,0.0016752511,0.0019467538,0.002117506,0.0023447176,0.0026465786,0.0028161727,0.0021967266,473,473,465,473,473,465,473,473,465,473,473,473,465,465,465,465,465,465,76.46368,1.0 2021-09-20,BLUE_CHIP_OUTER,2023-02-16T20:36:20.060454
black,72,ZCAM03012,caltarget,11:07:39,14.068892,58.241436,75.9311,62.1346,ZCAM,0.18148875,0.18493908,0.18069234,0.34364865,0.18493908,0.18069234,0.18636578,0.18493908,0.18069234,0.18221691,0.23788731,0.23156226,0.22829241,0.32130612,0.49920373,0.63637154,0.7052427,0.6975908,0.0011204432,0.0028929975,0.0023924627,0.0028417198,0.0028929975,0.0023924627,0.0028921907,0.0028929975,0.0023924627,0.002561284,0.0022692377,0.0021267187,0.0020617112,0.0022744233,0.0026261762,0.0028587625,0.0029677138,0.002330964,453,453,435,453,453,435,453,453,435,453,453,453,435,435,435,435,435,435,76.46368,1.0 2021-09-20,GREEN_CHIP_OUTER,2023-02-16T20:36:20.060454
black,72,ZCAM03012,caltarget,11:07:39,14.068892,58.241436,75.9311,62.1346,ZCAM,0.1444639,0.79994357,0.79736972,0.64071584,0.79994357,0.79736972,0.80252502,0.79994357,0.79736972,0.83220689,0.86092246,0.86411531,0.86093444,0.87818297,0.88906188,0.89669541,0.90004787,0.89774474,0.00087616635,0.004786706,0.0047810627,0.0039250673,0.004786706,0.0047810627,0.0051193316,0.004786706,0.0047810627,0.0046749414,0.0039660795,0.0036160135,0.0036480234,0.0032959229,0.0031603281,0.0028507003,0.0027560187,0.0022661822,471,471,461,471,471,461,471,471,461,471,471,471,461,461,461,461,461,461,76.46368,1.0 2021-09-20,YELLOW_CHIP_OUTER,2023-02-16T20:36:20.060454
black,72,ZCAM03012,caltarget,11:07:39,14.068892,58.241436,75.9311,62.1346,ZCAM,0.13096698,0.53699429,0.53512547,0.12673488,0.53699429,0.53512547,0.29705794,0.53699429,0.53512547,0.75069879,0.84187994,0.83884267,0.8374945,0.83803569,0.84001849,0.8457351,0.84837361,0.8387447,0.00083708463,0.0036126728,0.0038107988,0.0014323591,0.0036126728,0.0038107988,0.0031654021,0.0036126728,0.0038107988,0.0044668985,0.0040807553,0.003698313,0.0038986576,0.003329161,0.0031172583,0.0028974425,0.0027238722,0.0022810227,436,436,445,436,436,445,436,436,445,436,436,436,445,445,445,445,445,445,76.46368,1.0 2021-09-20,RED_CHIP_OUTER,2023-02-16T20:36:20.060454
black,72,ZCAM03012,caltarget,11:07:39,14.068892,58.241436,75.9311,62.1346,ZCAM,0.10307832,0.083816454,0.078967131,0.093419988,0.083816454,0.078967131,0.085184108,0.083816454,0.078967131,0.081041219,0.090164604,0.099484167,0.095286009,0.13784848,0.17775111,0.19921904,0.2175781,0.21749007,0.00074269586,0.0024125131,0.0024188991,0.0014141046,0.0024125131,0.0024188991,0.0024410233,0.0024125131,0.0024188991,0.0025373992,0.0023213233,0.002092215,0.0018986356,0.0018661185,0.0016633704,0.0016219373,0.0015867065,0.0012133953,420,420,420,420,420,420,420,420,420,420,420,420,420,420,420,420,420,420,76.46368,1.0 2021-09-20,BLACK_CHIP_OUTER,2023-02-16T20:36:20.060454
black,72,ZCAM03012,caltarget,11:07:39,14.068892,58.241436,75.9311,62.1346,ZCAM,0.42743725,0.41967284,0.41603387,0.41953758,0.41967284,0.41603387,0.41939645,0.41967284,0.41603387,0.41973142,0.41148233,0.39992982,0.39611623,0.3735462,0.35889575,0.34955288,0.33630132,0.32763953,0.0025860787,0.0037576508,0.0035563511,0.0033969961,0.0037576508,0.0035563511,0.0039487163,0.0037576508,0.0035563511,0.0036523416,0.0030279705,0.0025531431,0.0023187694,0.0022357826,0.0019738047,0.0019711724,0.0018425,0.0014419644,402,402,402,402,402,402,402,402,402,402,402,402,402,402,402,402,402,402,76.46368,1.0 2021-09-20,DARK_GRAY_CHIP_OUTER,2023-02-16T20:36:20.060454
black,72,ZCAM03012,caltarget,11:07:39,14.068892,58.241436,75.9311,62.1346,ZCAM,0.75293182,0.75212807,0.74871855,0.75858291,0.75212807,0.74871855,0.75461589,0.75212807,0.74871855,0.74756772,0.73698115,0.72494937,0.72201062,0.70512462,0.69360513,0.6847604,0.66864512,0.65760928,0.0048240281,0.0071293176,0.0068575268,0.0063106008,0.0071293176,0.0068575268,0.0080375202,0.0071293176,0.0068575268,0.0070478344,0.0056616105,0.0047446336,0.0048757152,0.0040058435,0.0037134765,0.0034191792,0.0033065408,0.0023954804,402,402,397,402,402,397,402,402,397,402,402,402,397,397,397,397,397,397,76.46368,1.0 2021-09-20,LIGHT_GRAY_CHIP_OUTER,2023-02-16T20:36:20.060454
black,72,ZCAM03012,caltarget,11:07:39,14.068892,58.241436,75.9311,62.1346,ZCAM,1.0010158,1.0201829,1.0230519,1.0131224,1.0201829,1.0230519,1.0188277,1.0201829,1.0230519,1.0212876,1.0199816,1.0181098,1.0211955,1.0255554,1.0246289,1.0234575,1.0223378,1.0218632,0.0056718997,0.0099223158,0.0070997787,0.0085563876,0.0099223158,0.0070997787,0.011429118,0.0099223158,0.0070997787,0.010418163,0.0088540227,0.0077219986,0.0056982466,0.0054808072,0.0049707051,0.0046118861,0.004533862,0.0036627025,426,426,415,426,426,415,426,426,415,426,426,426,415,415,415,415,415,415,76.46368,1.0 2021-09-20,WHITE_CHIP_OUTER,2023-02-16T20:36:20.060454
black,72,ZCAM03012,caltarget,11:07:39,14.068892,58.241436,75.9311,62.1346,ZCAM,-,-,-,-,-,-,-,-,-,-,-,-,-,-,-,-,-,-,0.0024752766,0.0043604854,0.0040349372,0.0041287201,0.0043604854,0.0040349372,0.0049907606,0.0043604854,0.0040349372,0.0043239706,0.0033648662,0.0029415711,0.0028267191,0.0021850069,0.0019440845,0.0018080115,0.0016981406,0.0014876896,463,463,451,463,463,451,463,463,451,463,463,463,451,451,451,451,451,451,76.46368,1.0 2021-09-20,GNOMON,2023-02-16T20:36:20.060454
black,72,ZCAM03012,caltarget,11:07:39,14.068892,58.241436,75.9311,62.1346,ZCAM,-,-,-,-,-,-,-,-,-,-,-,-,-,-,-,-,-,-,0.0013496606,0.0039121382,0.0036369703,0.0028835065,0.0039121382,0.0036369703,0.0047089566,0.0039121382,0.0036369703,0.0032824904,0.0030983407,0.0031572489,0.0024555155,0.0030725244,0.0025399726,0.0027093464,0.0023422906,0.0016374117,530,531,529,530,531,529,530,531,529,531,531,531,530,530,530,530,530,530,76.46368,1.0 2021-09-20,GOLD,2023-02-16T20:36:20.060454
black,72,ZCAM03012,caltarget,11:07:39,14.068892,58.241436,75.9311,62.1346,ZCAM,-,-,-,-,-,-,-,-,-,-,-,-,-,-,-,-,-,-,0.0035923312,0.0055333976,0.0048923381,0.0046342369,0.0055333976,0.0048923381,0.0042043816,0.0055333976,0.0048923381,0.0033709429,0.0030366957,0.002734609,0.0027034807,0.0031445047,0.0028143424,0.0027946854,0.00267464,0.0019823137,1744,1742,1683,1743,1742,1683,1744,1742,1683,1739,1743,1739,1684,1683,1683,1684,1680,1683,76.46368,1.0 2021-09-20,DECK,2023-02-16T20:36:20.060454
